project_slug,cve_id,github_username,github_repository_name,commit,file,class,class_start,class_end,method,method_start,method_end,signature,Done,Link,Source,Source Line,Sink,Sink Line,Source CodeQl  Format,Sink CodeQl Format,Check
keycloak_CVE-2025-7365_26.0.12,CVE-2025-7365,keycloak,keycloak,86f0a7864f2bdd991d5e24e6844ddabfce0aa6de,keycloak/services/src/main/java/org/keycloak/authentication/authenticators/broker/IdpReviewProfileAuthenticator.java,IdpReviewProfileAuthenticator,55,255,actionImpl,112,248,"void actionImpl(AuthenticationFlowContext context, SerializedBrokeredIdentityContext userCtx, BrokeredIdentityContext brokerContext)",1,https://github.com/keycloak/keycloak/blob/86f0a7864f2bdd991d5e24e6844ddabfce0aa6de/services/src/main/java/org/keycloak/authentication/authenticators/broker/IdpReviewProfileAuthenticator.java,userCtx,112,"context.getAuthenticationSession().setAuthNote(AbstractIdentityProvider.UPDATE_PROFILE_USERNAME_CHANGED, ""true"");",207,org.keycloak.authentication.authenticators.broker.util; SerializedBrokeredIdentityContext; false; getUsername; (); ; ReturnValue; source; userCtx (brokered IdP user) at L112,"org.keycloak.sessions; AuthenticationSessionModel; true; setAuthNote; (java.lang.String,java.lang.String); ; Argument[1]; sink; context.getAuthenticationSession().setAuthNote(...) at L207",True
opencast_CVE-2025-54380_17.5,CVE-2025-54380,opencast,opencast,2d3219113e2b9fadfb06443f5468b1c2157827a6,opencast/modules/kernel/src/main/java/org/opencastproject/kernel/security/TrustedHttpClientImpl.java,TrustedHttpClientImpl,96,761,execute,386,480,"HttpResponse execute(HttpUriRequest httpUriRequest, int connectionTimeout, int socketTimeout)",1,https://github.com/opencast/opencast/blob/2d3219113e2b9fadfb06443f5468b1c2157827a6/modules/kernel/src/main/java/org/opencastproject/kernel/security/TrustedHttpClientImpl.java,HttpUriRequest httpUriRequest,386,"httpUriRequest.setHeader(SecurityConstants.USER_HEADER, currentUser.getUsername());",406,"org.opencastproject.kernel.security; TrustedHttpClientImpl; false; execute; (org.apache.http.client.methods.HttpUriRequest,int,int); ; Argument[0]; source; httpUriRequest parameter at L386","org.apache.http; HttpMessage; true; setHeader; (java.lang.String,java.lang.String); ; Argument[1]; sink; value passed to httpUriRequest.setHeader(..) for USER_HEADER at L406",True
jena_CVE-2025-49656_jena-5.4.0,CVE-2025-49656,apache,jena,03c5265910aa3a27907bf54f6b4aaae3409afa4f,jena/jena-fuseki2/jena-fuseki-webapp/src/main/java/org/apache/jena/fuseki/webapp/FusekiWebapp.java,FusekiWebapp,59,453,allowConfigFiles,130,135,boolean allowConfigFiles(),1,https://github.com/apache/jena/blob/03c5265910aa3a27907bf54f6b4aaae3409afa4f/jena-fuseki2/jena-fuseki-webapp/src/main/java/org/apache/jena/fuseki/webapp/FusekiWebapp.java,System.getProperty(allowConfigFileProperty);,136,"return ""true"".equals(value);",138,"java.lang; System; false; getProperty; (java.lang.String); ; ReturnValue; source; value from System.getProperty(""fuseki:allowAddByConfigFile"") at L136","org.apache.jena.fuseki.webapp; FusekiWebapp; false; allowConfigFiles; (); ; ReturnValue; sink; method return depends on property comparison (""true"".equals(value)) at L138",True
reactor-netty_CVE-2025-22227_v1.2.8,CVE-2025-22227,reactor,reactor-netty,522892307ea89bf24fe634e8bfea35728c9bf411,reactor-netty/reactor-netty-http/src/main/java/reactor/netty/http/client/HttpClientOperations.java,HttpClientOperations,103,1113,copyState,954,966,void copyState(HttpClientOperations streamOps),1,https://github.com/reactor/reactor-netty/blob/522892307ea89bf24fe634e8bfea35728c9bf411/reactor-netty-http/src/main/java/reactor/netty/http/client/HttpClientOperations.java,HttpClientOperations streamOps,954,streamOps.markSentHeaderAndBody();,959,reactor.netty.http.client; HttpClientOperations; false; copyState; (reactor.netty.http.client.HttpClientOperations); ; Argument[0]; source; streamOps parameter at L954,reactor.netty.http; HttpOperations; true; markSentHeaderAndBody; (); ; Argument[this]; sink; streamOps.markSentHeaderAndBody() call at L959,True
DSpace_CVE-2025-53622_dspace-7.6.3,CVE-2025-53622,DSpace,DSpace,3163ff8b1ea0abe09683a1a94fb5f5bb039983b3,DSpace/dspace-api/src/main/java/org/dspace/app/itemimport/ItemImportServiceImpl.java,ItemImportServiceImpl,139,2496,validateFilePath,1021,1040,"void validateFilePath(String parentDir, String fileName)",1,https://github.com/DSpace/DSpace/blob/3163ff8b1ea0abe09683a1a94fb5f5bb039983b3/dspace-api/src/main/java/org/dspace/app/itemimport/ItemImportServiceImpl.java,"String path, String fileName",1448,BufferedInputStream bis = new BufferedInputStream(new FileInputStream(fullpath));,1459,"org.dspace.app.itemimport; ItemImportServiceImpl; false; processContentFileEntry; (org.dspace.core.Context,org.dspace.content.Item,java.lang.String,java.lang.String,java.lang.String,boolean); ; Argument[2..3]; source; method params path & fileName at L1448",java.io; FileInputStream; false; <init>; (java.lang.String); ; Argument[0]; sink; new FileInputStream(fullpath) at L1459,True
DSpace_CVE-2025-53621_dspace-7.6.3,CVE-2025-53621,DSpace,DSpace,28b5f3810fa2b819516e706849a99a9bf5f3de87,DSpace/dspace-api/src/main/java/org/dspace/administer/RegistryImporter.java,RegistryImporter,34,140,loadXML,50,59,Document loadXML(String filename),1,https://github.com/DSpace/DSpace/blob/28b5f3810fa2b819516e706849a99a9bf5f3de87/dspace-api/src/main/java/org/dspace/administer/RegistryImporter.java,String filename,50,Document document = builder.parse(new File(filename));,56,org.dspace.administer; RegistryImporter; false; loadXML; (java.lang.String); ; Argument[0]; source; method param filename at L50,javax.xml.parsers; DocumentBuilder; true; parse; (java.io.File); ; Argument[0]; sink; builder.parse(new File(filename)) at L56,True
cxf_CVE-2025-48795_cxf-3.5.10,CVE-2025-48795,apache,cxf,1c1d687f8e295f433a3592a3bc0b0a63c432bfde,cxf/core/src/main/java/org/apache/cxf/io/DelayedCachedOutputStreamCleaner.java,DelayedCachedOutputStreamCleaner,41,256,clean,116,130,void clean(Collection<DelayedCloseable> closeables),1,https://github.com/apache/cxf/blob/1c1d687f8e295f433a3592a3bc0b0a63c432bfde/core/src/main/java/org/apache/cxf/io/DelayedCachedOutputStreamCleaner.java,Collection<DelayedCloseable> closeables,116,"LOG.warning(""Unclosed (leaked?) stream detected: "" + next.closeable.hashCode());",122,org.apache.cxf.io; DelayedCachedOutputStreamCleaner$DelayedCleanerImpl; false; clean; (java.util.Collection); ; Element; source; closeables at L116,java.util.logging; Logger; false; warning; (java.lang.String); ; Argument[0]; sink; uses next.closeable.hashCode() in log msg at L122,True
jackrabbit_CVE-2025-53689_jackrabbit-2.23.1-beta,CVE-2025-53689,apache,jackrabbit,02786c0a01838580252bdab79bfa54026c30294e,jackrabbit/jackrabbit-core/src/main/java/org/apache/jackrabbit/core/util/DOMWalker.java,DOMWalker,41,259,createFactory,46,73,DocumentBuilderFactory createFactory(),1,https://github.com/apache/jackrabbit/blob/02786c0a01838580252bdab79bfa54026c30294e/jackrabbit-core/src/main/java/org/apache/jackrabbit/core/util/DOMWalker.java,InputStream xml,89,document = builder.parse(xml);,96,org.apache.jackrabbit.core.util; DOMWalker; false; <init>; (java.io.InputStream); ; Argument[0]; source; xml parameter at L89,javax.xml.parsers; DocumentBuilder; false; parse; (java.io.InputStream); ; Argument[0]; sink; builder.parse(xml) at L96,True
tomcat_CVE-2025-53506_11.0.8,CVE-2025-53506,apache,tomcat,2aa6261276ebe50b99276953591e3a2be7898bdb,tomcat/java/org/apache/coyote/http2/ConnectionSettingsLocal.java,ConnectionSettingsLocal,30,108,set,43,54,"void set(Setting setting, Long value, boolean force)",1,https://github.com/apache/tomcat/blob/2aa6261276ebe50b99276953591e3a2be7898bdb/java/org/apache/coyote/http2/ConnectionSettingsLocal.java,"Setting setting, Long value",43,"current.put(setting, value);",50,"org.apache.coyote.http2; ConnectionSettingsLocal; false; set; (org.apache.coyote.http2.Setting, java.lang.Long, boolean); ; Argument[0]; source; parameter "setting" at L43","java.util; Map; true; put; (java.lang.Object, java.lang.Object); ; Argument[0]; sink; call current.put(setting, É) at L50",True
tomcat_CVE-2025-52520_11.0.8,CVE-2025-52520,apache,tomcat,927d66fbc294cb65242102b817a45fd80834e040,tomcat/java/org/apache/catalina/connector/Request.java,Request,132,3431,parseParts,2598,2779,void parseParts(boolean explicit),1,https://github.com/apache/tomcat/blob/927d66fbc294cb65242102b817a45fd80834e040/java/org/apache/catalina/connector/Request.java,List<FileItem> items = upload.parseRequest(new ServletRequestContext(this));,2716,if (postSize > maxPostSize),2735,org.apache.tomcat.util.http.fileupload; FileUpload; false; parseRequest; (org.apache.tomcat.util.http.fileupload.RequestContext); ; ReturnValue; source; assigned to items at L2716,org.apache.catalina.connector; Request; false; parseParts; (); ; Argument[this]; sink; branch if (postSize > maxPostSize) at L2735,True
junit-framework_CVE-2025-53103_r5.13.1,CVE-2025-53103,junit-team,junit-framework,d4fc834c8c1c0b3168cd030c13551d1d041f51bc,junit-framework/junit-platform-reporting/src/main/java/org/junit/platform/reporting/open/xml/OpenTestReportGeneratingListener.java,OpenTestReportGeneratingListener,100,335,addGitInfo,172,182,"void addGitInfo(Infrastructure infrastructure, GitInfoCollector git)",1,https://github.com/junit-team/junit-framework/blob/d4fc834c8c1c0b3168cd030c13551d1d041f51bc/junit-platform-reporting/src/main/java/org/junit/platform/reporting/open/xml/OpenTestReportGeneratingListener.java,git.getOriginUrl(),173,"infrastructure.append(repository(), repository -> repository.withOriginUrl(gitUrl)));",175,org.junit.platform.reporting.open.xml; GitInfoCollector; false; getOriginUrl; (); ; ReturnValue; source; origin URL Optional at L173,org.opentest4j.reporting.events.git; Repository; false; withOriginUrl; (java.lang.String); ; Argument[0]; sink; call repository.withOriginUrl(gitUrl) at L175,True
graylog2-server_CVE-2025-53106_6.2.3,CVE-2025-53106,Graylog2,graylog2-server,6936bd16a783c2944a3d2f1e83902062520f90e3,graylog2-server/graylog2-server/src/main/java/org/graylog2/rest/resources/users/UsersResource.java,UsersResource,139,905,generateNewToken,724,740,"Token generateNewToken(             @ApiParam(name = ""userId"", required = true) @PathParam(""userId"") String userId,             @ApiParam(name = ""name"", value = ""Descriptive name for this token (e.g. 'cronjob') "", required = true) @PathParam(""name"") String name,             @ApiParam(name = ""JSON Body"", value = ""Can optionally contain the token's TTL."", defaultValue = ""{\""token_ttl\"":null}"") GenerateTokenTTL body)",1,https://github.com/Graylog2/graylog2-server/blob/6936bd16a783c2944a3d2f1e83902062520f90e3/graylog2-server/src/main/java/org/graylog2/rest/resources/users/UsersResource.java,"@PathParam(""userId"") String userId",725,"final AccessToken accessToken = accessTokenService.create(futureOwner.getName(), name, body.getTTL(() -> clusterConfigService.getOrDefault(UserConfiguration.class, UserConfiguration.DEFAULT_VALUES).defaultTTLForNewTokens()));",737,"org.graylog2.rest.resources.users; UsersResource; false; generateNewToken; (java.lang.String, java.lang.String, org.graylog2.rest.resources.users.UsersResource.GenerateTokenTTL); ; Argument[0]; source; @PathParam(""userId"") parameter at L725","org.graylog2.security; AccessTokenService; false; create; (java.lang.String, java.lang.String, org.threeten.extra.PeriodDuration); ; Argument[0]; sink; call accessTokenService.create(futureOwner.getName(), É) at L737",True
conductor_CVE-2025-26074_v3.21.12,CVE-2025-26074,conductor-oss,conductor,e9816501df1e364a3d39d7fe37d6e167c40eaa1b,conductor/core/src/main/java/com/netflix/conductor/core/events/ScriptEvaluator.java,ScriptEvaluator,21,92,initEngine,61,75,void initEngine(boolean reInit),1,https://github.com/conductor-oss/conductor/blob/e9816501df1e364a3d39d7fe37d6e167c40eaa1b/core/src/main/java/com/netflix/conductor/core/events/ScriptEvaluator.java,"getEnv(""CONDUCTOR_NASHORN_ES6_ENABLED"")",64,"engine = factory.getScriptEngine(""--language=es6"", ""--no-java"");",65,"com.netflix.conductor.core.events; ScriptEvaluator; false; getEnv; (java.lang.String); ; ReturnValue; source; env var ""CONDUCTOR_NASHORN_ES6_ENABLED"" at L64","org.openjdk.nashorn.api.scripting; NashornScriptEngineFactory; false; getScriptEngine; (java.lang.String, java.lang.String); ; Argument[0..1]; sink; call getScriptEngine(""--language=es6"",""--no-java"") at L65",True
jans_CVE-2025-53003_v1.7.0,CVE-2025-53003,JanssenProject,jans,92eea4d4637f1cae16ad2f07b2c16378ff3fc5f1,jans/jans-config-api/server/src/main/java/io/jans/configapi/security/service/OpenIdAuthorizationService.java,OpenIdAuthorizationService,40,269,validateScope,121,206,"String validateScope(String accessToken, List<String> tokenScopes, ResourceInfo resourceInfo, String issuer)",1,https://github.com/JanssenProject/jans/blob/92eea4d4637f1cae16ad2f07b2c16378ff3fc5f1/jans-config-api/server/src/main/java/io/jans/configapi/security/service/OpenIdAuthorizationService.java,List<String> tokenScopes,121,"accessToken = openIdService.requestAccessToken(authUtil.getClientId(), resourceScopes);",179,"io.jans.configapi.util; JwtUtil; false; validateToken; (java.lang.String); ; ReturnValue; source; assigned to variable ""tokenScopes"" at L121","io.jans.configapi.security.service; OpenIdService; false; requestAccessToken; (java.lang.String, java.util.List); ; Argument[1]; sink; call openIdService.requestAccessToken(authUtil.getClientId(), resourceScopes) at L179",True
incubator-seata_CVE-2025-32897_v2.2.0,CVE-2025-32897,apache,incubator-seata,7eda23e948312ed52c3336de70a11f4d2ab06a48,incubator-seata/server/src/main/java/org/apache/seata/server/cluster/raft/serializer/CustomDeserializer.java,CustomDeserializer,26,52,deserialize,35,52,"Class<?> deserialize(JsonParser jsonParser, DeserializationContext deserializationContext)",1,https://github.com/apache/incubator-seata/blob/7eda23e948312ed52c3336de70a11f4d2ab06a48/server/src/main/java/org/apache/seata/server/cluster/raft/serializer/CustomDeserializer.java,String className = jsonParser.getValueAsString();,37,return Class.forName(className);,43,"org.apache.seata.server.cluster.raft.serializer; CustomDeserializer; false; deserialize; (com.fasterxml.jackson.core.JsonParser, com.fasterxml.jackson.databind.DeserializationContext); ; ReturnValue; source; variable className = jsonParser.getValueAsString() at L37",java.lang; Class; false; forName; (java.lang.String); ; Argument[0]; sink; call Class.forName(className) at L43,True
allure2_CVE-2025-52888_2.34.0,CVE-2025-52888,allure-framework,allure2,cbcb33719851ff70adce85d38e15d20fc58d4eb7,allure2/plugins/junit-xml-plugin/src/main/java/io/qameta/allure/junitxml/JunitXmlPlugin.java,JunitXmlPlugin,73,361,parseRootElement,132,158,"void parseRootElement(final Path resultsDirectory, final Path parsedFile, final RandomUidContext context, final ResultsVisitor visitor)",1,https://github.com/allure-framework/allure2/blob/cbcb33719851ff70adce85d38e15d20fc58d4eb7/plugins/junit-xml-plugin/src/main/java/io/qameta/allure/junitxml/JunitXmlPlugin.java,final Path parsedFile,132,builder.parse(parsedFile.toFile()),141,"io.qameta.allure.junitxml; JunitXmlPlugin; false; parseRootElement; (java.nio.file.Path, java.nio.file.Path, io.qameta.allure.context.RandomUidContext, io.qameta.allure.core.ResultsVisitor); ; Argument[1]; source; parameter ""parsedFile"" at L132",javax.xml.parsers; DocumentBuilder; false; parse; (java.io.File); ; Argument[0]; sink; call builder.parse(parsedFile.toFile()) at L141,True
quarkus_CVE-2025-49574_3.23.4,CVE-2025-49574,quarkusio,quarkus,2b58f59f4bf0bae7d35b1abb585b65f2a66787d1,quarkus/extensions/smallrye-reactive-messaging/runtime/src/main/java/io/quarkus/smallrye/reactivemessaging/runtime/ContextualEmitterImpl.java,ContextualEmitterImpl,26,123,sendMessage,63,100,<M extends Message<? extends T>> Uni<Void> sendMessage(M msg),1,https://github.com/quarkusio/quarkus/blob/2b58f59f4bf0bae7d35b1abb585b65f2a66787d1/extensions/smallrye-reactive-messaging/runtime/src/main/java/io/quarkus/smallrye/reactivemessaging/runtime/ContextualEmitterImpl.java,M msg,63,msgUni = msgUni.emitOn(r -> context.runOnContext(x -> r.run()));,74,"io.quarkus.smallrye.reactivemessaging.runtime; ContextualEmitterImpl; false; sendMessage; (org.eclipse.microprofile.reactive.messaging.Message); ; Argument[0]; source; parameter ""msg"" at L63",io.smallrye.mutiny; Uni; false; emitOn; (java.util.concurrent.Executor); ; Argument[this]; sink; call msgUni.emitOn(r -> context.runOnContext(x -> r.run())) at L74,True
studio_CVE-2025-6384_v4.2.2,CVE-2025-6384,craftercms,studio,471bbad07cf1f3b420529a020c1409ad57d48a4e,studio/src/main/resources/crafter/studio/groovy/blacklist,Blacklist,1,124,,52,61,,1,https://github.com/craftercms/studio/blob/471bbad07cf1f3b420529a020c1409ad57d48a4e/src/main/resources/crafter/studio/groovy/blacklist,User-supplied Groovy script code,N/A,staticMethod groovy.util.Eval xyz java.lang.Object java.lang.Object java.lang.Object java.lang.String,61,N/A; UserScript; false; <script>; (); ; ReturnValue; source; user-supplied Groovy script at N/A,"groovy.util; Eval; false; xyz; (java.lang.Object,java.lang.Object,java.lang.Object,java.lang.String); ; Argument[3]; sink; call to Eval.xyz(..) at L61",True
powsybl-core_CVE-2025-48059_v6.2.4,CVE-2025-48059,powsybl,powsybl-core,d8398f689a5ccd505bd62eee2bd6670a29133110,powsybl-core/iidm/iidm-criteria/src/main/java/com/powsybl/iidm/criteria/RegexCriterion.java,RegexCriterion,17,38,,10,10,,1,https://github.com/powsybl/powsybl-core/blob/d8398f689a5ccd505bd62eee2bd6670a29133110/iidm/iidm-criteria/src/main/java/com/powsybl/iidm/criteria/RegexCriterion.java,String regex,21,Pattern.compile(regex).matcher(identifiable.getId()).find();,32,com.powsybl.iidm.criteria; RegexCriterion; false; <init>; (java.lang.String); ; Argument[0]; source; parameter regex assigned at L21,com.google.re2j; Pattern; false; compile; (java.lang.String); ; Argument[0]; sink; call Pattern.compile(regex).matcher(identifiable.getId()).find() at L32,True
powsybl-core_CVE-2025-48058_v6.7.1,CVE-2025-48058,powsybl,powsybl-core,72f79dec6d4292f892fbddd68a19c67935c7d81f,powsybl-core/ampl-converter/src/main/java/com/powsybl/ampl/converter/AmplNetworkReader.java,AmplNetworkReader,33,417,,11,12,,1,https://github.com/powsybl/powsybl-core/blob/72f79dec6d4292f892fbddd68a19c67935c7d81f/ampl-converter/src/main/java/com/powsybl/ampl/converter/AmplNetworkReader.java,String trimedLine = line.trim();,389,Matcher m = PATTERN.matcher(str);,85,com.powsybl.ampl.converter; AmplNetworkReader; false; trim; (); ; ReturnValue; source; assigned to trimedLine at L389,com.google.re2j; Pattern; false; matcher; (java.lang.CharSequence); ; Argument[0]; sink; call PATTERN.matcher(str) at L85,True
powsybl-core_CVE-2025-47771_v6.7.1,CVE-2025-47771,powsybl,powsybl-core,8ed16ce41683c4aef5f6aa1dd5ae8642aa5ed2bd,powsybl-core/math/src/main/java/com/powsybl/math/matrix/SparseMatrix.java,SparseMatrix,28,525,read,492,506,SparseMatrix read(InputStream inputStream),1,https://github.com/powsybl/powsybl-core/blob/8ed16ce41683c4aef5f6aa1dd5ae8642aa5ed2bd/math/src/main/java/com/powsybl/math/matrix/SparseMatrix.java,InputStream inputStream,492,return (SparseMatrix) objectInputStream.readObject();,500,"com.powsybl.math.matrix; SparseMatrix; false; read; (java.io.InputStream); ; Argument[0]; source; parameter ""inputStream"" at L492",java.io; ObjectInputStream; false; readObject; (); ; Argument[this]; sink; call objectInputStream.readObject() at L500,True
powsybl-core_CVE-2025-47293_v6.7.1,CVE-2025-47293,powsybl,powsybl-core,e6c7c4997ae8758b54a2f23ce1a499e25113acdc,powsybl-core/commons/src/main/java/com/powsybl/commons/xml/XmlReader.java,XmlReader,35,183,XmlReader,41,49,"XmlReader(InputStream is, Map<String, String> namespaceVersionMap, Collection<ExtensionSerDe> extensionProviders)",1,https://github.com/powsybl/powsybl-core/blob/e6c7c4997ae8758b54a2f23ce1a499e25113acdc/commons/src/main/java/com/powsybl/commons/xml/XmlReader.java,InputStream is,41,this.reader = getXMLInputFactory().createXMLStreamReader(Objects.requireNonNull(is));,42,"com.powsybl.commons.xml; XmlReader; false; <init>; (java.io.InputStream,java.util.Map,java.util.Collection); ; Argument[0]; source; parameter ""is"" at L41",javax.xml.stream; XMLInputFactory; false; createXMLStreamReader; (java.io.InputStream); ; Argument[0]; sink; call createXMLStreamReader(Objects.requireNonNull(is)) at L42,True
tomcat_CVE-2025-49125_11.0.7,CVE-2025-49125,apache,tomcat,7617b9c247bc77ed0444dd69adcd8aa48777886c,tomcat/java/org/apache/catalina/webresources/AbstractArchiveResourceSet.java,AbstractArchiveResourceSet,35,356,getResource,200,276,public final WebResource getResource(String path),1,https://github.com/apache/tomcat/blob/7617b9c247bc77ed0444dd69adcd8aa48777886c/java/org/apache/catalina/webresources/AbstractResourceSet.java,String path,200,jarEntry = getArchiveEntry(pathInJar);,246,"org.apache.catalina.webresources; AbstractArchiveResourceSet; false; getResource; (java.lang.String); ; Argument[0]; source; parameter ""path"" at L200",org.apache.catalina.webresources; AbstractArchiveResourceSet; false; getArchiveEntry; (java.lang.String); ; Argument[0]; sink; call getArchiveEntry(pathInJar) at L246,True
tomcat_CVE-2025-48988_11.0.7,CVE-2025-48988,apache,tomcat,2b0ab14fb55d4edc896e5f1817f2ab76f714ae5e,tomcat/java/org/apache/catalina/connector/Request.java,Request,131,3118,parseParts,2425,2562,void parseParts(boolean explicit),1,https://github.com/apache/tomcat/blob/2b0ab14fb55d4edc896e5f1817f2ab76f714ae5e/java/org/apache/catalina/connector/Request.java,Parameters parameters = coyoteRequest.getParameters();,2449,upload.setFileCountMax(partLimit);,2515,org.apache.coyote; Request; false; getParameters; (); ; ReturnValue; source; assigned to parameters at L2449,org.apache.tomcat.util.http.fileupload; FileUpload; false; setFileCountMax; (int); ; Argument[0]; sink; call upload.setFileCountMax(partLimit) at L2515,True
commons-fileupload_CVE-2025-48976_commons-fileupload-1.5-RC1,CVE-2025-48976,apache,commons-fileupload,bf68f63cfb312ef4710fb3dfb4d8e4e1665f4497,commons-fileupload/commons-fileupload2-core/src/main/java/org/apache/commons/fileupload2/core/MultipartInput.java,MultiPartInput,88,1028,setPartHeaderSizeMax,168,171,Builder setPartHeaderSizeMax(final int partHeaderSizeMax),1,https://github.com/apache/commons-fileupload/blob/bf68f63cfb312ef4710fb3dfb4d8e4e1665f4497/commons-fileupload2-core/src/main/java/org/apache/commons/fileupload2/core/MultipartInput.java,b = readByte();,935,"return baos.toString(Charsets.toCharset(headerCharset, Charset.defaultCharset()).name());",958,org.apache.commons.fileupload2.core; MultipartInput; false; readByte; (); ; ReturnValue; source; assigned to local b at L935,java.io; ByteArrayOutputStream; false; toString; (java.lang.String); ; Argument[this]; sink; call baos.toString(...) at L958,True
solon_CVE-2025-46096_v3.1.2,CVE-2025-46096,opensolon,solon,49a3bf95fdcf050829843004b65a2b336ca6ddff,solon/solon-projects/solon-faas/solon-faas-luffy/src/main/java/org/noear/solon/luffy/impl/JtFunctionLoaderFile.java,JtFunctionLoaderFile,39,160,fileGet,59,106,AFileModel fileGet(String path),1,https://github.com/opensolon/solon/blob/49a3bf95fdcf050829843004b65a2b336ca6ddff/solon-projects/solon-faas/solon-faas-luffy/src/main/java/org/noear/solon/luffy/impl/JtFunctionLoaderFile.java,String path,59,File file = fileBuildDo(path);,65,org.noear.solon.luffy.impl; JtFunctionLoaderFile; false; fileGet; (java.lang.String); ; Argument[0]; source; parameter ÒpathÓ at L59,org.noear.solon.luffy.impl; JtFunctionLoaderFile; false; fileBuildDo; (java.lang.String); ; Argument[0]; sink; call fileBuildDo(path) at L65,True
spring-framework_CVE-2025-41234_v6.2.7,CVE-2025-41234,spring-projects,spring-framework,f0e7b42704e6b33958f242d91bd690d6ef7ada9c,spring-framework/spring-web/src/main/java/org/springframework/http/ContentDisposition.java,ContentDisposition,52,846,,71,71,,1,https://github.com/spring-projects/spring-framework/blob/f0e7b42704e6b33958f242d91bd690d6ef7ada9c/spring-web/src/main/java/org/springframework/http/ContentDisposition.java,this.filename = filename;,112,"sb.append(encodeQuotedPrintableFilename(this.filename, this.charset)).append('\""');",270,org.springframework.http; ContentDisposition$BuilderImpl; false; filename; (java.lang.String); ; Argument[0]; source; assignment this.filename = filename at L112,"org.springframework.http; ContentDisposition; false; toString; (); ; Field[this.filename]; sink; used in encodeQuotedPrintableFilename(this.filename, this.charset) at L270",True
para_CVE-2025-49009_v1.50.7,CVE-2025-49009,Erudika,para,46a908d887da02037384193f70a69345f04887cf,para/para-server/src/main/java/com/erudika/para/server/security/filters/FacebookAuthFilter.java,FacebookAuthFilter,53,233,getOrCreateUser,135,188,"UserAuthentication getOrCreateUser(App app, String accessToken)",1,https://github.com/Erudika/para/blob/46a908d887da02037384193f70a69345f04887cf/para-server/src/main/java/com/erudika/para/server/security/filters/FacebookAuthFilter.java,String accessToken,135,"logger.warn(""Facebook auth request failed: GET "" + PROFILE_URL + ""{access_token}"", e);",184,com.erudika.para.server.security.filters; FacebookAuthFilter; false; accessToken; (java.lang.String); ; Local[accessToken]; source; assigned from parseAccessToken(token) inside attemptAuthentication(...) at L135,"com.erudika.para.server.security.filters; FacebookAuthFilter; false; getOrCreateUser; (com.erudika.para.core.App, java.lang.String); ; Call[logger.warn]; sink; logs ""Facebook auth request failed: GET "" + PROFILE_URL + ""{access_token}"" at L184",True
inlong_CVE-2025-27531_2.0.0-RC0,CVE-2025-27531,apache,inlong,ebcd6d3230b73abdc41edb93619be2a26c9b8c97,inlong/inlong-manager/manager-pojo/src/main/java/org/apache/inlong/manager/pojo/util/MySQLSensitiveUrlUtils.java,MySQLSensitiveUrlUtils,35,129,filterSensitive,62,118,String filterSensitive(String url),1,https://github.com/apache/inlong/blob/ebcd6d3230b73abdc41edb93619be2a26c9b8c97/inlong-manager/manager-pojo/src/main/java/org/apache/inlong/manager/pojo/util/MySQLSensitiveUrlUtils.java,String url,62,"resultUrl = URLDecoder.decode(resultUrl, ""UTF-8"");",70,org.apache.inlong.manager.pojo.util; MySQLSensitiveUrlUtils; true; filterSensitive; (java.lang.String); ; Argument[0]; source; parameter url passed into filterSensitive at L59,"org.apache.inlong.manager.pojo.util; MySQLSensitiveUrlUtils; true; filterSensitive; (java.lang.String); ; Local[resultUrl]; sink; used in resultUrl = URLDecoder.decode(resultUrl, ""UTF-8"") at L70",True
para_CVE-2025-48955_v1.50.7,CVE-2025-48955,Erudika,para,1e8a89558542854bb0683ab234c4429ad93b0835,para/para-server/src/main/java/com/erudika/para/server/utils/HealthUtils.java,HealthUtils,28,192,saveConfigFile,126,154,"void saveConfigFile(String confFile, Map<String, String> rootAppCredentials)",1,https://github.com/Erudika/para/blob/1e8a89558542854bb0683ab234c4429ad93b0835/para-server/src/main/java/com/erudika/para/server/utils/HealthUtils.java,String> rootAppCredentials,126,"logger.info(""Initialized root app with access key '{}', """,132,"com.erudika.para.server.utils; HealthUtils; true; saveConfigFile; (java.lang.String, java.util.Map<java.lang.String, java.lang.String>); ; Parameter[rootAppCredentials]; source; map argument rootAppCredentials received by saveConfigFile at L126","com.erudika.para.server.utils; HealthUtils; true; saveConfigFile; (java.lang.String, java.util.Map<java.lang.String, java.lang.String>); ; Call[logger.info]; sink; logs rootAppCredentials.get(""accessKey"") in logger.info(""Initialized root app with access key '{}', ..."") at L132",True
commons-beanutils_CVE-2025-48734_commons-beanutils-1.10.1-RC1,CVE-2025-48734,apache,commons-beanutils,bd20740da25b69552ddef8523beec0837297eaf9,commons-beanutils/src/main/java/org/apache/commons/beanutils2/PropertyUtilsBean.java,PropertyUtilsBean,70,1620,resetBeanIntrospectors,1200,1205,void resetBeanIntrospectors(),1,https://github.com/apache/commons-beanutils/blob/bd20740da25b69552ddef8523beec0837297eaf9/src/main/java/org/apache/commons/beanutils2/PropertyUtilsBean.java,final String name,933,"invokeMethod(readMethod, bean, BeanUtils.EMPTY_OBJECT_ARRAY);",967,"org.apache.commons.beanutils2; PropertyUtilsBean; true; getIndexedProperty; (java.lang.Object, java.lang.String, int); ; Parameter[name]; source; method parameter name received by getIndexedProperty(Object bean, String name, int index) at L933","org.apache.commons.beanutils2; PropertyUtilsBean; true; getIndexedProperty; (java.lang.Object, java.lang.String, int); ; Call[invokeMethod]; sink; invokes getter via invokeMethod(readMethod, bean, BeanUtils.EMPTY_OBJECT_ARRAY) after resolving property from name at L967",True
valtimo-backend-libraries_CVE-2025-48881_12.12.0.RELEASE,CVE-2025-48881,valtimo-platform,valtimo-backend-libraries,6ab04b30d3dab816bfea32d40ba50e5dd4517272,valtimo-backend-libraries/zgw/objecten-api/src/main/kotlin/com/ritense/objectenapi/client/ObjectenApiClient.kt,ObjectenApiClient,39,345,getObject,47,74,"fun getObject(         authentication: ObjectenApiAuthentication,         objectUrl: URI     ): ObjectWrapper",1,https://github.com/valtimo-platform/valtimo-backend-libraries/blob/6ab04b30d3dab816bfea32d40ba50e5dd4517272/zgw/objecten-api/src/main/kotlin/com/ritense/objectenapi/client/ObjectenApiClient.kt,objectUrl: URI,49,val result = buildRestClient(authentication),51,"com.ritense.objectenapi.client; ObjectenApiClient; false; getObject; (com.ritense.objectenapi.ObjectenApiAuthentication, java.net.URI); ; Parameter[objectUrl]; source; method parameter objectUrl received by getObject(...) at L49","com.ritense.objectenapi.client; ObjectenApiClient; false; getObject; (com.ritense.objectenapi.ObjectenApiAuthentication, java.net.URI); ; Call[RestClient.uri]; sink; uses objectUrl in HTTP call via .get().uri(objectUrl).retrieve() after buildRestClient(authentication) at ~L52-53",True
inlong_CVE-2025-27526_2.1.0-RC0,CVE-2025-27526,apache,inlong,48c2f5cad4a92be2c3561174d70cdbc91a2d2626,inlong/inlong-manager/manager-pojo/src/main/java/org/apache/inlong/manager/pojo/util/MySQLSensitiveUrlUtils.java,MySQLSensitiveUrlUtils,35,153,filterSensitiveKeyByBracket,112,153,String filterSensitiveKeyByBracket(String url),1,https://github.com/apache/inlong/blob/48c2f5cad4a92be2c3561174d70cdbc91a2d2626/inlong-manager/manager-pojo/src/main/java/org/apache/inlong/manager/pojo/util/MySQLSensitiveUrlUtils.java,String url,62,resultUrl.contains(InlongConstants.QUESTION_MARK),74,org.apache.inlong.manager.pojo.util; MySQLSensitiveUrlUtils; false; filterSensitive; (java.lang.String); ; Parameter[url]; source; method parameter url received by filterSensitive(...) at L62,org.apache.inlong.manager.pojo.util; MySQLSensitiveUrlUtils; false; filterSensitive; (java.lang.String); ; Call[String.contains]; sink; conditional check resultUrl.contains(InlongConstants.QUESTION_MARK) controlling URL parsing flow at L74,True
inlong_CVE-2025-27528_2.1.0-RC0,CVE-2025-27528,apache,inlong,48c2f5cad4a92be2c3561174d70cdbc91a2d2626,inlong/inlong-manager/manager-pojo/src/main/java/org/apache/inlong/manager/pojo/util/MySQLSensitiveUrlUtils.java,MySQLSensitiveUrlUtils,35,153,filterSensitiveKeyByBracket,112,153,String filterSensitiveKeyByBracket(String url),1,https://github.com/apache/inlong/blob/48c2f5cad4a92be2c3561174d70cdbc91a2d2626/inlong-manager/manager-pojo/src/main/java/org/apache/inlong/manager/pojo/util/MySQLSensitiveUrlUtils.java,String url,62,resultUrl.contains(InlongConstants.QUESTION_MARK),74,org.apache.inlong.manager.pojo.util; MySQLSensitiveUrlUtils; false; filterSensitive; (java.lang.String); ; Parameter[url]; source; method parameter url received by filterSensitive(...) at L62,org.apache.inlong.manager.pojo.util; MySQLSensitiveUrlUtils; false; filterSensitive; (java.lang.String); ; Call[String.contains]; sink; conditional check resultUrl.contains(InlongConstants.QUESTION_MARK) controlling URL parsing flow at L74,True
inlong_CVE-2025-27522_2.1.0-RC0,CVE-2025-27522,apache,inlong,86c893cfd8f7ba9ffce5d20abef6cd360f502fdf,inlong/inlong-manager/manager-pojo/src/main/java/org/apache/inlong/manager/pojo/util/MySQLSensitiveUrlUtils.java,MySQLSensitiveUrlUtils,35,129,containSensitiveKey,120,129,String containSensitiveKey(String url),1,https://github.com/apache/inlong/blob/86c893cfd8f7ba9ffce5d20abef6cd360f502fdf/inlong-manager/manager-pojo/src/main/java/org/apache/inlong/manager/pojo/util/MySQLSensitiveUrlUtils.java,String url,120,"StringUtils.containsIgnoreCase(url, key + InlongConstants.EQUAL + ""true"")",122,org.apache.inlong.manager.pojo.util; MySQLSensitiveUrlUtils; false; containSensitiveKey; (java.lang.String); ; Parameter[url]; source; method parameter url received by containSensitiveKey(...) at L120,"org.apache.inlong.manager.pojo.util; MySQLSensitiveUrlUtils; false; containSensitiveKey; (java.lang.String); ; Call[StringUtils.containsIgnoreCase]; sink; conditional check StringUtils.containsIgnoreCase(url, key + InlongConstants.EQUAL + ""true"") at L122",True
spring-framework_CVE-2025-22233_v6.2.6,CVE-2025-22233,spring-projects,spring-framework,edfcc6ffb188e4614ec9b212e3208b666981851c,spring-framework/spring-context/src/main/java/org/springframework/validation/DataBinder.java,DataBinder,127,1341,isAllowed,1154,1164,boolean isAllowed(String field),1,https://github.com/spring-projects/spring-framework/blob/edfcc6ffb188e4614ec9b212e3208b666981851c/spring-context/src/main/java/org/springframework/validation/DataBinder.java,String field,1154,"if (!ObjectUtils.isEmpty(allowed) && !PatternMatchUtils.simpleMatch(allowed, field))",1157,"org.springframework.validation; DataBinder; false; isAllowed; (java.lang.String); ; Var[field]; source; method parameter field (property name under check) used in allowed-pattern match, at L1154","org.springframework.validation; DataBinder; false; isAllowed; (java.lang.String); ; Call[PatternMatchUtils.simpleMatch]; sink; call with (allowed, field) to test allowed patterns at L1154 (drives return false at L1157)",True
cloudbees-jenkins-advisor-plugin_CVE-2025-47885_374.v194b_d4f0c8c8,CVE-2025-47885,jenkinsci,cloudbees-jenkins-advisor-plugin,4b456b3110d1504d7dce8e7fca84c4e8793650e6,cloudbees-jenkins-advisor-plugin/src/main/java/com/cloudbees/jenkins/plugins/advisor/BundleUpload.java,BundleUpload,28,251,generateBundle,85,117,File generateBundle(),1,https://github.com/jenkinsci/cloudbees-jenkins-advisor-plugin/blob/4b456b3110d1504d7dce8e7fca84c4e8793650e6/src/main/java/com/cloudbees/jenkins/plugins/advisor/BundleUpload.java,Exception e,136,"createTimestampedErrorMessage(""<strong>Bundle upload failed</strong><br/><pre><code>%s</code></pre>"", sanitizedMessage));",145,"com.cloudbees.jenkins.plugins.advisor; BundleUpload; false; executeInternal; (java.lang.String, java.io.File, java.lang.String); ; Exception[e]; source; caught exception variable e (message later used) at L136","com.cloudbees.jenkins.plugins.advisor; BundleUpload; false; executeInternal; (java.lang.String, java.io.File, java.lang.String); ; Call[createTimestampedErrorMessage]; sink; call with sanitized exception message at L145",True
webdrivermanager_CVE-2025-4641_webdrivermanager-6.0.1,CVE-2025-4641,bonigarcia,webdrivermanager,32b0b4d9c21adf474be9b63530b073b85ffbb65b,webdrivermanager/src/main/java/io/github/bonigarcia/wdm/WebDriverManager.java,WebDriverManager,159,2057,loadXML,1572,1584,Document loadXML(InputStream inputStream),1,https://github.com/bonigarcia/webdrivermanager/blob/32b0b4d9c21adf474be9b63530b073b85ffbb65b/src/main/java/io/github/bonigarcia/wdm/WebDriverManager.java,InputStream inputStream,1572,builder.parse(new InputSource(new ByteArrayInputStream(IOUtils.toByteArray(inputStream))));,1582,"io.github.bonigarcia.wdm; WebDriverManager; false; loadXML; (java.io.InputStream); ; Var[inputStream]; source; method parameter inputStream supplying XML bytes, at L1572","io.github.bonigarcia.wdm; WebDriverManager; false; loadXML; (java.io.InputStream); ; Call[DocumentBuilder.parse]; sink; called with new InputSource(new ByteArrayInputStream(IOUtils.toByteArray(inputStream))) consuming the provided stream, at L1582",True
iotdb_CVE-2025-26795_v1.3.3,CVE-2025-26795,apache,iotdb,34fcaff6b72470d5ad369307dde7fae8897aea7e,iotdb/iotdb-client/jdbc/src/main/java/org/apache/iotdb/jdbc/IoTDBDataSourceFactory.java,IoTDBDataSourceFactory,32,77,setProperties,43,61,"void setProperties(IoTDBDataSource ds, Properties prop)",1,https://github.com/apache/iotdb/blob/34fcaff6b72470d5ad369307dde7fae8897aea7e/iotdb-client/jdbc/src/main/java/org/apache/iotdb/jdbc/IoTDBDataSourceFactory.java,String password = (String) properties.remove(DataSourceFactory.JDBC_PASSWORD);,53,"logger.info(""Password set {}"", password);",N/A,"org.apache.iotdb.jdbc; IoTDBDataSourceFactory; false; setProperties; (org.apache.iotdb.jdbc.IoTDBDataSource, java.util.Properties); ; Var[password]; source; value taken from properties.remove(DataSourceFactory.JDBC_PASSWORD) (database password read from config), at L53","org.apache.iotdb.jdbc; IoTDBDataSourceFactory; false; setProperties; (org.apache.iotdb.jdbc.IoTDBDataSource, java.util.Properties); ; Call[logger.info]; sink; would log sensitive data via logger.info(""Password set {}"", password) but no such call exists in the snippet; sink N/A, at N/A",True
iotdb_CVE-2025-26864_v1.3.3,CVE-2025-26864,apache,iotdb,34fcaff6b72470d5ad369307dde7fae8897aea7e,iotdb/iotdb-client/jdbc/src/main/java/org/apache/iotdb/jdbc/IoTDBDataSourceFactory.java,IoTDBDataSourceFactory,32,77,setProperties,43,61,"void setProperties(IoTDBDataSource ds, Properties prop)",1,https://github.com/apache/iotdb/blob/34fcaff6b72470d5ad369307dde7fae8897aea7e/iotdb-client/jdbc/src/main/java/org/apache/iotdb/jdbc/IoTDBDataSourceFactory.java,String password = (String) properties.remove(DataSourceFactory.JDBC_PASSWORD);,53,"logger.info(""Password set {}"", password);",N/A,"org.apache.iotdb.jdbc; IoTDBDataSourceFactory; false; setProperties; (org.apache.iotdb.jdbc.IoTDBDataSource, java.util.Properties); ; Var[password]; source; value taken from properties.remove(DataSourceFactory.JDBC_PASSWORD) (database password read from config), at L53","org.apache.iotdb.jdbc; IoTDBDataSourceFactory; false; setProperties; (org.apache.iotdb.jdbc.IoTDBDataSource, java.util.Properties); ; Call[logger.info]; sink; would log sensitive data via logger.info(""Password set {}"", password) but no such call exists in the snippet; sink N/A, at N/A",True
jetty.project_CVE-2025-1948_jetty-12.0.16,CVE-2025-1948,jetty,jetty.project,c8c2515936ef968dc8a3cecd9e79d1e69291e4bb,jetty.project/jetty-core/jetty-http2/jetty-http2-tests/src/test/java/org/eclipse/jetty/http2/tests/HTTP2Test.java,HTTP2Test,77,1368,testLargeRequestHeaders,1302,1368,void testLargeRequestHeaders(),1,https://github.com/jetty/jetty.project/blob/c8c2515936ef968dc8a3cecd9e79d1e69291e4bb/jetty-core/jetty-http2/jetty-http2-tests/src/test/java/org/eclipse/jetty/http2/tests/HTTP2Test.java,HttpFields.Mutable headers,1336,http2Client.setMaxRequestHeadersSize(2 * maxHeadersSize);,1318,"org.eclipse.jetty.http2.tests; HTTP2Test; false; testLargeRequestHeaders; (); ; Var[headers: HttpFields.Mutable]; source; large request headers built via HttpFields.build().put(""X-Large"", ""<"".repeat(maxHeadersSize)), at L1336","org.eclipse.jetty.http2.tests; HTTP2Test; false; testLargeRequestHeaders; (); ; Call[http2Client.setMaxRequestHeadersSize]; sink; client limit configured for request headers via http2Client.setMaxRequestHeadersSize(2 * maxHeadersSize), at L1318",True
console_CVE-2025-2901_v3.7.10,CVE-2025-2901,hal,console,216de3b8aa82ea92df10cc296d88c68467cf2c52,console/core/src/main/java/org/jboss/hal/core/runtime/server/ServerActions.java,ServerActions,152,824,onSuccess,608,623,void onSuccess(ServerUrl url),1,https://github.com/hal/console/blob/216de3b8aa82ea92df10cc296d88c68467cf2c52/core/src/main/java/org/jboss/hal/core/runtime/server/ServerActions.java,"ServerUrl serverUrl = serverUrlStorage.load(host, server);",636,element.appendChild(a(url.getUrl()),610,"org.jboss.hal.core.runtime.server; ServerActions; false; readUrl; (boolean standalone, String host, String serverGroup, String server, AsyncCallback<ServerUrl> callback); ; Var[serverUrl: ServerUrl]; source; value loaded via serverUrlStorage.load(host, server), at L636","org.jboss.hal.core.runtime.server; ServerActions; false; readUrl; (Server server, HTMLElement element); ; Call[element.appendChild]; sink; appends anchor built from a(url.getUrl()) (uses url.getUrl()), at L610",True
keycloak_CVE-2025-3910_26.2.1,CVE-2025-3910,keycloak,keycloak,e66e2292b9068d712f316044f62f51690e77c7c6,keycloak/services/src/main/java/org/keycloak/services/managers/AuthenticationManager.java,AuthenticationManager,135,1733,executionActions,1258,1271,"Response executionActions(KeycloakSession session, AuthenticationSessionModel authSession,             HttpRequest request, EventBuilder event, RealmModel realm, UserModel user, Set<String> ignoredActions)",1,https://github.com/keycloak/keycloak/blob/e66e2292b9068d712f316044f62f51690e77c7c6/services/src/main/java/org/keycloak/services/managers/AuthenticationManager.java,final String kcAction = authSession.getClientNote(Constants.KC_ACTION);,1260,authSession.getAuthenticatedUser().removeRequiredAction(factory.getId());,1332,"org.keycloak.services.managers; AuthenticationManager; true; executionActions; (KeycloakSession session, AuthenticationSessionModel authSession, HttpRequest request, EventBuilder event, RealmModel realm, UserModel user, Set<String> ignoredActions); ; Var[kcAction: String]; source; value read from authSession.getClientNote(Constants.KC_ACTION), at L1260","org.keycloak.services.managers; AuthenticationManager; true; executeAction; (KeycloakSession session, AuthenticationSessionModel authSession, RequiredActionProviderModel model, HttpRequest request, EventBuilder event, RealmModel realm, UserModel user, boolean kcActionExecution, Set<String> ignoredActions); ; Call[authSession.getAuthenticatedUser().removeRequiredAction]; sink; removes required action using factory.getId(), at L1332",True
keycloak_CVE-2025-3501_26.2.1,CVE-2025-3501,keycloak,keycloak,99ca24c832729075e04d8bc58666089268314272,keycloak/services/src/main/java/org/keycloak/truststore/JSSETruststoreConfigurator.java,JSSETruststoreConfigurator,30,96,getTrustManagers,71,95,TrustManager[] getTrustManagers(),1,https://github.com/keycloak/keycloak/blob/99ca24c832729075e04d8bc58666089268314272/services/src/main/java/org/keycloak/truststore/JSSETruststoreConfigurator.java,provider.getTruststore(),82,new X509TrustManager() {,N/A,"org.keycloak.truststore; JSSETruststoreConfigurator; true; getTrustManagers; (); ; Call[provider.getTruststore]; source; returns the configured truststore for initialization of TrustManagerFactory, at L82","org.keycloak.truststore; JSSETruststoreConfigurator; true; getTrustManagers; (); ; ObjectCreation[new X509TrustManager]; sink; TrustManagers created from truststore input, implicitly including new X509TrustManager(), N/A",True
syntax-markdown_CVE-2025-46558_syntax-markdown-8.8,CVE-2025-46558,xwiki-contrib,syntax-markdown,d136472d6e8a47981a0ede420a9096f88ffa5035,syntax-markdown/syntax-markdown-commonmark12/src/main/java/org/xwiki/contrib/rendering/markdown/commonmark12/internal/DefaultMarkdownConfiguration.java,DefaultMarkdownConfiguration,37,59,getOptions,43,52,MutableDataHolder getOptions(),1,https://github.com/xwiki-contrib/syntax-markdown/blob/d136472d6e8a47981a0ede420a9096f88ffa5035/syntax-markdown-commonmark12/src/main/java/org/xwiki/contrib/rendering/markdown/commonmark12/internal/DefaultMarkdownConfiguration.java,DeepInlineHTMLExtension.class,46,getDefaultOptions,45,"org.xwiki.contrib.rendering.markdown.commonmark12.internal; DefaultMarkdownConfiguration; true; getOptions; (); ; ClassRef[DeepInlineHTMLExtension.class]; source; extension class reference passed into parser configuration, at L46","org.xwiki.contrib.rendering.markdown.commonmark12.internal; DefaultMarkdownConfiguration; true; getOptions; (); ; Call[getDefaultOptions]; sink; method consumes DeepInlineHTMLExtension.class to build default markdown parser options, at L45",True
httpcomponents-client_CVE-2025-27820_rel/v5.4-alpha2,CVE-2025-27820,apache,httpcomponents-client,bff9c4772bc0824570d43969ce87886d01766b1c,httpcomponents-client/httpclient5/src/main/java/org/apache/hc/client5/http/psl/PublicSuffixMatcherLoader.java,PublicSuffixMatcherLoader,52,106,,54,54,,1,https://github.com/apache/httpcomponents-client/blob/bff9c4772bc0824570d43969ce87886d01766b1c/httpclient5/src/main/java/org/apache/hc/client5/http/psl/PublicSuffixMatcherLoader.java,"private static final String PUBLIC_SUFFIX_LIST = ""/org/publicsuffix/list/effective_tld_names.dat"";",54,final URL url = PublicSuffixMatcherLoader.class.getResource(PUBLIC_SUFFIX_LIST);,87,"org.apache.hc.client5.http.psl; PublicSuffixMatcherLoader; true; getDefault; (); ; FieldRef[PUBLIC_SUFFIX_LIST=""/org/publicsuffix/list/effective_tld_names.dat""]; source; constant string defining path to the public suffix list resource, at L54","org.apache.hc.client5.http.psl; PublicSuffixMatcherLoader; true; getDefault; (); ; Call[PublicSuffixMatcherLoader.class.getResource(PUBLIC_SUFFIX_LIST)]; sink; loads the resource URL using the constant path, at L87",True
jpawebapi_CVE-2025-32961_v1.1.0,CVE-2025-32961,cuba-platform,jpawebapi,78b837d7e2b12d0df69cef1bc6042ebf3bdaf22c,jpawebapi/modules/jpawebapi/src/com/haulmont/addon/jpawebapi/api/config/JpaWebApiConfig.java,JpaWebApiConfig,36,76,getInlineEnabledFileExtensions,72,75,List<String> getInlineEnabledFileExtensions(),1,https://github.com/cuba-platform/jpawebapi/blob/78b837d7e2b12d0df69cef1bc6042ebf3bdaf22c/modules/jpawebapi/src/com/haulmont/addon/jpawebapi/api/config/JpaWebApiConfig.java,"@Property(""cuba.rest.inlineEnabledFileExtensions"")",72,'Content-Disposition=inline' header,70,"com.haulmont.addon.jpawebapi.api.config; JpaWebApiConfig; true; getInlineEnabledFileExtensions; (); ; Annotation[@Property(""cuba.rest.inlineEnabledFileExtensions"")]; source; configuration property defines which file extensions are allowed for inline handling, at L72","com.haulmont.addon.jpawebapi.api.config; JpaWebApiConfig; true; getInlineEnabledFileExtensions; (); ; Doc['Content-Disposition=inline' header]; sink; returned extensions control when responses may include an inline content-disposition header, at L70",True
restapi_CVE-2025-32960_v7.2.6,CVE-2025-32960,cuba-platform,restapi,b3d599f6657d7e212fdb134a61ab5e0888669eb1,restapi/modules/global/src/com/haulmont/addon/restapi/api/config/RestApiConfig.java,RestApiConfig,39,135,getInlineEnabledFileExtensions,131,134,List<String> getInlineEnabledFileExtensions(),1,https://github.com/cuba-platform/restapi/blob/b3d599f6657d7e212fdb134a61ab5e0888669eb1/modules/global/src/com/haulmont/addon/restapi/api/config/RestApiConfig.java,"@Property(""cuba.rest.inlineEnabledFileExtensions"")",131,Content-Disposition=inline' header.,129,"com.haulmont.addon.restapi.api.config; RestApiConfig; true; getInlineEnabledFileExtensions; (); ; Annotation[@Property(""cuba.rest.inlineEnabledFileExtensions"")]; source; configuration property defines which file extensions are allowed for inline handling, at L131","com.haulmont.addon.restapi.api.config; RestApiConfig; true; getInlineEnabledFileExtensions; (); ; Doc['Content-Disposition=inline' header.]; sink; returned extensions control when responses may include an inline content-disposition header, at L129",True
cuba_CVE-2025-32959_7.2.22,CVE-2025-32959,cuba-platform,cuba,42b6c00fd0572b8e52ae31afd1babc827a3161a1,cuba/modules/core/src/com/haulmont/cuba/core/app/filestorage/FileStorage.java,FileStorage,49,162,saveStream,102,183,"long saveStream(final FileDescriptor fileDescr, final InputStream inputStream)",1,https://github.com/cuba-platform/cuba/blob/42b6c00fd0572b8e52ae31afd1babc827a3161a1/modules/core/src/com/haulmont/cuba/core/app/filestorage/FileStorage.java,final InputStream inputStream,102,os = FileUtils.openOutputStream(file);,124,"com.haulmont.cuba.core.app.filestorage; FileStorage; true; saveStream; (final FileDescriptor fileDescr, final InputStream inputStream); ; ; source; incoming data stream that is later copied to disk, at L102","com.haulmont.cuba.core.app.filestorage; FileStorage; true; saveStream; (final FileDescriptor fileDescr, final InputStream inputStream); os = FileUtils.openOutputStream(file);; ; sink; creates file output stream used as the destination for writing the incoming data, at L124",True

templating-engine-plugin_CVE-2025-31722_2.5.3,CVE-2025-31722,jenkinsci,templating-engine-plugin,bb2b4468b3bf4cea494afb8549af4e6450972653,templating-engine-plugin/src/main/groovy/org/boozallen/plugins/jte/init/primitives/injectors/LibraryStepInjector.groovy,LibraryStepInjector,40,243,injectPrimitives,78,148,"TemplatePrimitiveNamespace injectPrimitives(CpsFlowExecution exec, PipelineConfigurationObject config",1,https://github.com/jenkinsci/templating-engine-plugin/blob/bb2b4468b3bf4cea494afb8549af4e6450972653/src/main/groovy/org/boozallen/plugins/jte/init/primitives/injectors/LibraryStepInjector.groovy,"provider.loadLibrary(flowOwner, libName, jteDir, libDir)",108,"StepWrapper step = stepFactory.createFromFilePath(stepFile, libName, libConfig, isSandboxed)",124,"org.boozallen.plugins.jte.init.primitives.injectors; LibraryStepInjector; true; injectPrimitives; (CpsFlowExecution exec, PipelineConfigurationObject config); provider.loadLibrary(flowOwner, libName, jteDir, libDir); ; source; loads the libraryÕs files into the runÕs jte workspace for later step discovery, at L108","org.boozallen.plugins.jte.init.primitives.injectors; LibraryStepInjector; true; injectPrimitives; (CpsFlowExecution exec, PipelineConfigurationObject config); StepWrapper step = stepFactory.createFromFilePath(stepFile, libName, libConfig, isSandboxed); ; sink; creates executable step objects from the loaded files (consuming the library content), at L124",True


